NAICS6,SIC6
211111,131100
211112,132100
212111,122100
212112,122200
212113,123100
212210,101100
212221,104100
212222,104400
212231,103100
212234,102100
212234,109910
212291,109400
212299,109920
212311,141100
212312,142200
212313,142300
212319,142900
212319,149910
212321,144200
212322,144600
212324,145500
212325,145900
212391,147400
212392,147500
212393,147900
212399,149920
213111,138100
213112,138210
213112,138900
213113,124100
213114,108110
213115,148110
221111,491101
221111,493101
221111,493901
221112,491102
221112,493102
221112,493902
221113,491103
221113,493103
221119,491104
221119,493104
221119,493904
221121,491105
221121,493105
221121,493905
221122,491106
221122,493106
221122,493906
221210,492302
221210,492400
221210,492500
221210,493107
221210,493200
221210,493907
221310,494100
221310,497100
221320,495200
221330,496100
233110,655200
233210,152100
233210,153110
233210,874121
233220,152220
233220,153120
233220,874122
233310,153130
233310,154120
233310,874123
233320,152210
233320,153140
233320,154110
233320,154200
233320,874124
234110,161100
234110,874131
234120,162200
234120,874132
234910,162310
234910,874133
234920,162320
234920,874134
234930,162910
234930,874135
234990,162920
234990,735320
234990,874136
235110,171100
235210,172100
235210,179910
235310,173100
235410,174100
235420,174200
235420,174310
235420,177110
235430,174320
235510,175100
235520,175200
235610,176100
235710,177120
235810,178100
235910,179100
235920,179300
235920,179920
235930,179400
235940,179500
235950,179600
235990,179940
311111,204700
311119,204810
311211,203410
311211,204100
311212,204400
311213,208300
311221,204600
311222,207510
311223,207410
311223,207610
311225,207420
311225,207520
311225,207620
311225,207710
311225,207900
311230,204310
311311,206100
311312,206200
311313,206300
311320,206600
311330,206410
311330,544110
311340,206420
311340,209910
311340,544120
311411,203700
311412,203800
311421,203300
311421,203510
311422,203210
311423,203420
311423,209920
311511,202600
311512,202100
311513,202200
311514,202300
311520,202400
311611,201100
311611,204820
311612,201300
311612,514706
311613,207720
311615,201510
311711,207730
311711,209100
311712,207740
311712,209200
311811,546111
311812,205100
311812,205210
311813,205300
311821,205220
311822,204500
311823,209800
311830,209930
311911,206800
311911,209940
311919,205230
311919,209600
311920,204320
311920,209510
311920,209950
311930,208710
311941,203520
311941,209960
311942,208720
311942,209520
311942,209970
311942,289910
311991,209980
311999,201520
311999,203220
311999,208730
311999,209990
312111,208610
312112,208620
312113,209700
312120,208200
312130,208400
312140,208500
312210,214110
312221,211100
312229,212100
312229,213100
312229,214120
313111,228100
313111,229910
313112,228210
313113,228410
313113,229920
313210,221100
313210,222100
313210,223110
313210,229930
313221,224100
313221,229940
313222,239700
313230,229700
313230,229950
313241,225710
313249,225810
313249,225910
313311,223120
313311,226100
313311,226200
313311,513105
313312,223130
313312,225720
313312,225820
313312,226900
313312,228220
313312,228420
313312,229960
313312,513110
313320,229500
313320,306910
314110,227300
314121,239100
314121,571401
314129,239210
314911,239220
314911,239300
314912,239400
314991,229800
314992,229600
314999,229970
314999,239510
314999,239610
314999,239910
314999,399905
315111,225100
315111,225210
315119,225220
315191,225300
315191,225920
315192,225400
315192,225930
315211,231110
315211,232110
315211,232210
315211,232510
315211,232610
315211,232910
315211,234110
315211,238410
315211,238510
315211,239520
315212,233110
315212,233510
315212,233710
315212,233910
315212,234120
315212,234210
315212,236110
315212,236910
315212,238420
315212,238520
315212,238910
315212,239530
315221,232220
315221,234130
315221,236920
315221,238430
315222,231120
315222,236930
315222,238530
315223,232120
315223,236120
315224,232520
315224,236940
315225,232620
315228,232920
315228,236950
315228,238540
315231,234140
315231,234210
315231,234220
315231,236960
315231,238440
315231,238920
315232,233120
315232,236130
315233,233520
315233,236140
315234,233720
315234,236970
315234,238550
315239,233920
315239,236980
315239,238560
315291,234150
315291,236150
315291,236990
315291,238570
315292,237100
315292,238600
315299,232930
315299,233930
315299,238910
315299,238930
315991,235300
315992,238100
315992,315100
315993,232300
315999,233940
315999,238580
315999,238700
315999,238940
315999,239620
315999,239920
315999,569921
316110,311100
316110,399910
316211,302100
316212,314200
316213,314300
316214,314400
316219,314900
316991,316100
316992,317100
316993,317200
316999,313110
316999,319900
321113,242110
321113,242910
321113,243910
321114,249100
321211,243500
321212,243600
321213,243920
321214,243930
321219,249300
321911,243110
321912,242120
321912,242610
321912,243940
321912,249910
321918,242130
321918,242620
321918,243120
321920,242920
321920,244100
321920,244800
321920,244900
321920,249920
321991,245100
321992,245200
321999,242140
321999,242930
321999,249930
321999,313120
321999,399915
322110,261100
322121,262110
322121,267610
322121,384210
322122,262120
322130,263100
322211,265300
322212,265700
322213,265200
322214,265500
322215,265600
322221,267110
322222,267200
322222,267910
322223,267310
322224,267400
322225,349710
322226,267510
322231,267520
322231,267920
322232,267700
322233,267800
322291,267620
322291,384220
322299,267530
322299,267930
322299,399920
323110,275210
323110,277110
323110,399925
323111,275400
323111,277120
323111,399930
323112,275910
323112,277130
323112,399935
323113,239630
323113,275920
323113,277140
323113,399940
323114,275220
323114,275930
323115,275940
323116,276100
323116,278210
323117,273200
323118,278220
323119,275950
323119,277150
323119,399945
323121,278900
323122,279100
323122,279600
324110,291100
324121,295100
324122,295200
324191,299200
324199,299900
324199,331210
325110,286510
325110,286910
325120,281300
325120,286920
325131,281610
325131,281910
325132,286520
325181,281200
325182,281620
325182,289500
325188,281920
325188,286930
325191,286100
325192,286530
325193,286940
325199,286950
325199,289920
325211,282100
325212,282200
325221,282300
325222,282400
325311,287300
325312,287400
325314,287500
325320,287900
325411,283300
325412,283400
325412,283510
325413,283520
325414,283600
325510,285100
325510,289930
325520,289100
325611,284100
325611,284410
325612,284200
325613,284300
325620,284420
325910,289300
325920,289200
325991,308700
325992,386110
325998,281930
325998,289940
325998,395210
325998,399950
326111,267320
326112,267120
326113,308100
326121,308200
326122,308400
326122,308910
326130,308300
326140,308610
326150,308620
326160,308500
326191,308800
326192,306920
326192,399600
326199,308920
326199,399955
326211,301100
326212,753420
326220,305200
326291,306100
326299,306930
327111,326100
327112,326200
327112,326300
327112,326900
327112,329910
327113,326400
327121,325100
327122,325300
327123,325900
327124,325500
327125,329700
327211,321100
327212,322900
327213,322100
327215,323100
327310,324100
327320,327300
327331,327100
327332,327210
327390,327220
327410,327400
327420,327500
327420,329920
327910,329110
327991,328100
327992,329500
327993,329600
327999,327230
327999,329210
327999,329930
331111,331220
331111,339910
331112,331310
331210,331700
331221,331600
331222,331510
331311,281940
331312,333400
331314,334110
331314,339920
331315,335310
331316,335400
331319,335500
331319,335710
331411,333100
331419,333900
331421,335100
331422,335720
331423,334120
331423,339930
331491,335600
331491,335730
331492,331320
331492,334130
331492,339940
331511,332100
331511,332200
331512,332400
331513,332500
331521,336300
331522,336400
331524,336500
331525,336600
331528,336900
332111,346200
332112,346300
332114,344910
332115,346600
332116,346910
332117,349910
332211,342100
332211,391410
332212,342300
332212,352310
332212,352410
332212,354510
332212,369905
332212,379910
332212,399960
332213,342500
332214,346920
332311,344800
332312,344100
332312,344920
332313,344310
332321,249940
332321,344200
332321,344930
332322,344410
332323,344600
332323,344940
332323,352320
332410,344320
332420,344330
332431,341100
332439,341200
332439,342910
332439,344420
332439,349920
332439,353710
332510,342920
332510,349930
332611,349300
332612,349510
332618,331520
332618,339950
332618,349600
332710,359910
332721,345100
332722,345200
332811,339800
332812,347910
332813,347100
332911,349100
332912,349200
332912,372810
332913,343210
332919,342930
332919,349410
332919,349940
332991,356200
332992,348200
332993,348300
332994,348400
332995,348900
332996,335320
332996,349800
332997,354300
332998,343100
332999,329120
332999,343220
332999,349420
332999,349720
332999,349950
332999,353720
332999,359920
332999,399965
333111,352330
333112,352420
333120,353110
333131,353200
333132,353300
333210,355300
333220,355910
333291,355400
333292,355200
333293,355500
333293,369915
333294,355600
333295,355920
333298,355930
333298,363910
333311,358100
333312,358200
333313,357810
333313,357910
333314,369920
333314,382700
333315,369925
333315,386120
333319,355940
333319,358900
333319,359930
333319,369930
333411,356410
333412,356420
333414,343300
333414,363410
333415,344340
333415,358510
333511,354410
333512,354100
333512,369935
333513,354200
333514,354420
333515,354520
333516,354700
333518,354900
333611,351100
333612,356600
333613,356800
333618,351910
333618,369940
333911,356100
333911,374310
333912,356300
333913,358600
333921,353400
333922,352340
333922,353500
333923,353120
333923,353600
333924,353730
333991,354600
333992,354810
333992,369945
333993,356500
333994,356700
333995,359300
333995,372820
333996,359400
333996,372830
333997,359600
333999,356900
333999,359940
334111,357100
334112,357200
334113,357500
334119,357700
334119,357820
334119,369950
334210,366110
334220,366300
334220,367910
334290,366900
334310,365100
334411,367100
334412,367200
334413,367400
334414,367500
334415,367600
334416,366120
334416,367700
334416,382510
334417,367800
334418,366130
334418,367920
334419,367930
334510,369955
334510,384230
334510,384500
334511,369960
334511,381200
334512,382200
334513,382300
334514,382400
334515,382520
334516,369965
334516,382600
334517,384400
334518,349520
334518,357920
334518,387300
334519,369970
334519,382910
334611,737991
334612,365200
334612,781980
334613,369500
335110,364100
335121,308930
335121,364500
335121,399970
335122,364600
335129,364800
335129,369975
335211,363420
335212,363500
335212,363920
335221,363100
335222,363200
335224,363300
335228,363930
335311,354820
335311,361200
335312,362100
335312,769420
335313,361300
335314,362500
335911,369100
335912,369200
335921,335740
335929,335750
335931,364300
335932,364400
335991,362400
335999,362900
335999,369980
336111,371110
336112,371120
336120,371130
336211,371140
336211,371300
336211,371410
336212,371500
336213,371600
336214,379200
336214,379920
336311,359200
336312,371420
336321,364700
336322,367940
336322,369400
336322,371430
336330,371440
336340,329220
336340,371450
336350,371460
336360,239640
336360,239930
336360,253110
336370,346500
336391,358520
336399,351920
336399,371470
336411,372100
336412,372400
336413,372840
336414,376100
336415,376400
336419,376900
336510,353130
336510,374320
336611,373100
336612,373220
336991,375100
336991,394410
336992,371150
336992,379500
336999,379930
337110,243400
337110,254110
337110,571205
337121,251200
337121,251510
337121,571210
337122,251100
337122,571215
337124,251400
337125,251900
337127,253120
337127,259910
337127,395220
337127,399975
337129,251700
337211,252100
337212,254120
337214,252200
337215,242630
337215,254130
337215,254200
337215,349960
337910,251520
337920,259100
339111,382100
339112,382920
339112,384100
339113,259920
339113,384240
339114,369985
339114,384300
339115,385100
339116,807200
339911,347920
339911,391100
339912,347930
339912,391420
339913,391500
339914,347940
339914,349970
339914,396100
339920,394900
339931,394200
339932,394420
339941,395100
339942,253130
339942,357930
339942,395230
339943,395300
339944,395500
339950,399300
339991,305300
339992,393100
339993,313130
339993,396500
339994,239230
339994,399100
339995,399500
339999,249950
339999,399980
421110,501211
421110,501212
421110,501213
421110,501222
421110,501223
421120,501310
421120,501329
421120,501340
421130,501409
421140,501500
421210,502110
421210,502129
421220,502310
421220,502320
421220,502339
421220,502390
421310,503110
421310,503129
421310,503139
421320,503219
421320,503229
421320,503239
421330,503309
421390,503919
421390,503999
421410,504300
421420,504400
421430,504511
421430,504519
421430,504529
421440,504610
421440,504620
421450,504719
421450,504720
421460,504800
421490,504929
421490,504990
421510,505111
421510,505112
421510,505121
421510,505122
421520,505210
421520,505220
421610,506309
421620,506400
421690,506510
421690,506590
421710,507200
421720,507409
421730,507500
421740,507800
421810,508200
421820,508310
421820,508320
421820,508339
421830,508410
421830,508421
421830,508422
421830,508430
421830,508440
421830,508450
421830,508490
421830,508530
421840,508510
421840,508520
421840,508540
421840,508550
421840,508560
421840,508590
421850,508719
421850,508720
421850,508730
421850,508790
421860,508810
421860,508820
421860,508890
421910,509100
421920,509200
421930,509311
421930,509312
421930,509330
421930,509390
421940,509410
421940,509420
421990,509910
421990,509930
421990,509940
421990,509950
421990,509960
421990,509990
421990,782230
422110,511100
422120,511209
422130,511300
422210,512210
422210,512220
422310,513111
422310,513120
422320,513600
422330,513700
422340,513900
422410,514110
422410,514120
422410,514130
422420,514200
422430,514310
422430,514320
422440,514410
422440,514420
422450,514500
422460,514600
422470,514701
422480,514800
422490,514920
422490,514930
422490,514940
422490,514970
422490,514980
422490,514990
422510,515300
422520,515400
422590,515910
422590,515920
422590,515930
422590,515940
422590,515990
422610,516200
422690,516910
422690,516990
422710,517112
422710,517119
422710,517129
422720,517200
422810,518100
422820,518210
422820,518220
422910,519119
422910,519120
422920,519200
422930,519309
422940,519400
422950,519809
422990,519920
422990,519940
422990,519950
422990,519990
421110,501211
421110,501212
421110,501213
421110,501222
421110,501223
421120,501310
421120,501329
421120,501340
421130,501409
421140,501500
421210,502110
421210,502129
421220,502310
421220,502320
421220,502339
421220,502390
421310,503110
421310,503129
421310,503139
421320,503219
421320,503229
421320,503239
421330,503309
421390,503919
421390,503999
421410,504300
421420,504400
421430,504511
421430,504519
421430,504529
421440,504610
421440,504620
421450,504719
421450,504720
421460,504800
421490,504929
421490,504990
421510,505111
421510,505112
421510,505121
421510,505122
421520,505210
421520,505220
421610,506309
421620,506400
421690,506510
421690,506590
421710,507200
421720,507409
421730,507500
421740,507800
421810,508200
421820,508310
421820,508320
421820,508339
421830,508410
421830,508421
421830,508422
421830,508430
421830,508440
421830,508450
421830,508490
421830,508530
421840,508510
421840,508520
421840,508540
421840,508550
421840,508560
421840,508590
421850,508719
421850,508720
421850,508730
421850,508790
421860,508810
421860,508820
421860,508890
421910,509100
421920,509200
421930,509311
421930,509312
421930,509330
421930,509390
421940,509410
421940,509420
421990,509910
421990,509930
421990,509940
421990,509950
421990,509960
421990,509990
421990,782230
422110,511100
422120,511209
422130,511300
422210,512210
422210,512220
422310,513111
422310,513120
422320,513600
422330,513700
422340,513900
422410,514110
422410,514120
422410,514130
422420,514200
422430,514310
422430,514320
422440,514410
422440,514420
422450,514500
422460,514600
422470,514701
422480,514800
422490,514920
422490,514930
422490,514940
422490,514970
422490,514980
422490,514990
422510,515300
422520,515400
422590,515910
422590,515920
422590,515930
422590,515940
422590,515990
422610,516200
422690,516910
422690,516990
422710,517112
422710,517119
422710,517129
422720,517200
422810,518100
422820,518210
422820,518220
422910,519119
422910,519120
422920,519200
422930,519309
422940,519400
422950,519809
422990,519920
422990,519940
422990,519950
422990,519990
441110,551100
441120,552100
441210,556100
441221,557100
441222,555100
441229,559900
441310,501328
441310,553110
441310,573110
441320,501408
441320,553120
442110,502128
442110,571220
442110,571230
442110,571250
442110,571260
442210,502338
442210,571300
442291,571410
442291,571910
442299,571920
443111,572200
443112,573120
443112,599920
443112,599950
443120,504518
443120,504528
443120,573411
443120,573412
443120,573420
443130,594600
444110,521120
444120,519808
444120,523110
444130,525100
444190,503128
444190,503138
444190,503218
444190,503228
444190,503238
444190,503308
444190,503918
444190,503998
444190,506308
444190,507408
444190,521140
444190,521150
444190,523120
444210,508338
444210,526110
444220,519118
444220,519308
444220,526120
445110,541141
445110,541150
445120,541120
445210,541142
445210,542110
445220,542120
445230,543100
445291,546150
445292,544101
445299,545100
445299,549920
445310,592100
446110,591210
446110,591220
446120,508718
446120,599980
446130,599500
446191,549910
446199,504718
446199,599991
447110,541130
447110,554130
447190,554110
447190,554120
448110,561100
448120,562100
448130,564100
448140,565100
448150,563240
448150,569940
448190,563220
448190,563230
448190,569910
448190,569930
448210,566110
448210,566120
448210,566130
448210,566140
448210,566150
448310,594400
448320,594800
451110,594110
451110,594120
451110,594130
451110,594140
451110,594150
451110,594160
451110,594170
451120,594510
451120,594520
451130,571420
451130,594910
451130,594920
451140,573600
451211,594210
451211,594220
451211,594230
451212,599400
451220,573510
451220,573520
452110,531110
452110,531121
452110,531130
452910,531122
452910,539930
452910,541160
452990,533100
452990,539910
452990,539920
452990,553130
453110,599200
453210,504928
453210,511208
453210,594310
453210,594320
453220,594700
453310,593210
453310,593221
453910,599910
453920,599940
453930,527100
453991,599300
453998,599960
453998,599970
453998,599992
454110,504538
454110,511218
454110,596110
454110,596120
454110,596130
454110,596140
454210,596200
454311,517118
454311,598300
454312,517128
454312,598400
454319,598900
454390,542130
454390,596350
454390,596360
454390,596370
454390,596380
454390,596391
454390,596392
454390,596393
481111,451201
481112,451202
481211,452201
481212,452202
481219,452209
483111,441200
483112,448101
483113,442400
483113,443200
483113,449201
483114,448102
483114,448201
483211,444900
483211,449202
483212,448202
483212,448909
484110,421221
484110,421222
484110,421491
484110,421492
484121,421321
484122,421322
484210,421210
484210,421310
484210,421410
484220,421230
484220,421240
484220,421270
484220,421290
484220,421499
484230,421330
484230,421340
484230,421390
485111,411101
485112,411102
485113,411103
485119,411109
485210,413100
485310,412100
485320,411920
485410,411991
485410,415100
485510,414100
485510,414200
485991,411992
485999,411104
485999,411999
486110,461200
486210,492200
486210,492301
486910,461300
486990,461900
487110,411910
487110,478903
487110,799993
487210,448901
487210,799994
487990,452203
487990,799995
488111,458101
488119,458102
488119,495903
488190,458109
488210,478901
488310,449101
488320,449102
488330,449203
488330,449991
488330,449992
488390,449999
488390,478501
488390,769992
488410,754920
488490,417300
488490,423100
488490,478502
488490,478902
488510,473110
488510,473121
488991,478300
488999,472901
488999,478909
492110,421520
492110,451300
492210,421510
493110,422510
493110,422621
493120,422200
493120,422622
493130,422100
493190,422610
493190,422629
511110,271100
511120,272100
511130,273110
511140,274110
511140,733105
511191,277160
511199,274120
511210,737200
512110,781210
512110,781220
512120,782210
512120,782220
512131,783200
512132,783300
512191,781910
512199,781990
512199,782900
512210,899993
512220,899995
512230,273115
512230,274102
512230,899994
512240,738901
512290,738917
512290,792294
513111,483201
513112,483202
513120,483300
513210,484101
513220,484102
513310,481301
513310,482200
513321,481201
513322,481202
513322,481209
513322,489901
513330,481203
513330,481302
513340,489902
513390,489909
514110,738300
514120,823100
514191,737500
514199,899991
514210,737400
521110,601100
522110,602101
522110,602201
522110,608101
522110,609901
522120,603500
522120,603600
522120,614192
522130,606100
522130,606200
522190,602203
522210,602102
522210,602202
522210,614140
522210,615393
522220,614110
522220,614120
522220,615310
522220,615991
522291,614130
522291,614191
522292,611101
522292,615911
522292,616201
522293,608102
522293,608201
522293,615992
522294,611103
522294,615993
522298,593222
522298,608103
522298,611104
522298,615392
522298,615912
522298,615994
522310,616300
522320,601900
522320,609903
522320,615391
522320,738994
522390,609909
522390,616202
523110,621101
523120,621102
523130,609904
523130,622101
523130,679903
523140,622102
523210,623100
523910,621103
523910,679201
523910,679901
523910,679904
523920,628201
523920,673304
523920,679902
523930,628202
523991,609100
523991,609905
523991,628901
523991,673301
523999,609906
523999,621104
523999,628902
524113,631101
524113,632101
524114,632102
524114,632401
524126,633101
524126,635101
524127,636101
524128,639901
524130,631102
524130,632103
524130,632402
524130,633102
524130,635102
524130,636102
524130,639902
524210,641110
524291,641191
524292,637130
524292,641192
524298,641193
525930,679801
525930,679802
531110,651300
531110,651400
531120,651210
531120,651220
531120,651230
531120,651291
531130,422520
531190,651500
531190,651700
531190,651900
531210,653110
531210,653120
531311,653130
531312,653141
531320,653160
531390,653190
532111,751400
532112,751500
532120,751310
532120,751320
532120,751900
532210,735905
532220,729980
532220,781930
532230,784100
532291,735202
532292,799907
532299,729991
532299,735907
532310,735906
532411,449930
532411,474100
532411,735901
532412,735310
532412,735902
532420,735903
532420,737700
532490,735201
532490,735904
532490,781940
532490,792292
533110,679202
533110,679400
541110,811130
541710,873110
541710,873120
541710,873310
541710,873320
541720,873210
541720,873330
541110,811110
541191,654100
541199,738914
541211,872110
541213,729100
541214,781970
541214,872140
541219,872120
541310,871200
541330,871100
541340,738913
541350,738912
541360,108120
541360,138220
541360,148120
541360,871320
541370,738909
541370,871310
541380,873410
541410,738920
541420,738916
541430,733610
541430,733620
541430,809920
541490,738911
541511,737100
541512,737300
541512,737911
541513,737600
541519,737912
541519,737992
541611,874210
541612,736120
541612,874220
541612,899912
541613,874230
541614,874240
541618,473122
541618,874840
541620,899920
541690,874830
541690,899911
541710,873110
541710,873120
541720,873210
541810,731100
541820,874300
541830,731910
541840,731310
541840,731320
541850,731200
541850,731930
541860,733120
541870,731920
541890,519977
541890,731940
541890,738910
541890,738921
541910,873220
541921,722100
541922,733500
541922,809930
541930,738915
541990,738999
551111,671200
551112,608202
551112,671900
561110,874110
561210,874400
561310,736110
561310,781920
561310,792293
561320,736310
561330,736330
561410,733810
561421,481303
561421,738930
561422,738907
561431,738980
561439,733400
561440,732210
561450,732310
561450,732320
561491,732220
561491,738918
561492,733820
561499,738998
561510,472400
561520,472500
561591,738906
561599,472902
561599,738904
561599,792295
561599,799908
561599,869950
561611,738111
561612,738112
561613,738120
561621,738200
561622,769991
561710,734210
561720,458103
561720,734220
561720,734900
561740,721700
561790,495902
561790,738905
561790,769902
561790,769932
561910,738950
561920,738970
561990,738940
561990,738960
561990,738997
561990,874850
562111,421261
562112,421262
562119,421269
562211,495304
562212,495305
562213,495306
562219,495309
562910,179930
562910,495901
562920,495307
562991,735908
562991,769931
562998,495909
611410,824400
611420,824320
611430,829910
611511,723130
611512,824920
611512,829920
611513,824930
611519,824310
611519,824910
611519,824950
611610,791120
611610,829930
611620,799991
611630,829940
611691,829950
611692,829960
611699,829990
611710,829980
611710,874810
611410,824400
611420,824320
611430,829910
611511,723130
611511,724120
611512,824920
611512,829920
611513,824930
611519,824310
611519,824910
611519,824950
611610,791120
611610,829930
611620,799991
611630,829940
611691,829950
611692,829960
611699,829990
611710,829980
611710,874810
621410,809310
621410,809910
621420,809320
621491,801103
621492,809200
621493,801104
621498,809330
621610,808200
621910,411930
621910,452204
621991,809940
621999,809950
622110,806210
622110,806220
622110,806911
622110,806921
622210,806310
622210,806320
622210,806912
622210,806922
622310,806913
622310,806923
623110,805310
623210,805320
623220,836110
623311,805330
623312,836120
623990,836130
624110,832210
624110,864140
624120,832220
624190,832290
624210,832240
624221,832250
624229,832260
624230,832270
624310,833100
624410,835100
621111,801101
621111,803101
621112,801102
621112,803102
621210,802100
621310,804100
621320,804200
621330,804910
621340,804920
621340,804930
621391,804300
621399,804940
621410,809310
621410,809910
621420,809320
621491,801103
621492,809200
621493,801104
621498,809330
621511,807110
621512,807120
621610,808200
621910,411930
621910,452204
621991,809940
621999,809950
622110,806210
622110,806911
622210,806310
622210,806912
622310,806913
623110,805310
623210,805320
623220,836110
623311,805330
623312,836120
623990,836130
624110,832210
624120,832220
624190,832290
624210,832240
624221,832250
624229,832260
624230,832270
624310,833100
624410,729996
624410,835100
711110,792211
711110,792213
711120,792212
711130,792921
711130,792930
711190,792992
711190,799921
711310,651292
711310,792291
711310,794141
711320,792220
711320,792231
711320,799930
712110,841210
712120,841220
712130,842210
712190,799902
712190,842220
713910,799200
713910,799710
713940,799100
713940,799720
713940,799904
713990,799730
713990,799999
711110,581211
711110,792211
711110,792213
711120,792212
711130,792921
711130,792930
711190,792992
711190,799921
711211,794110
711211,794120
711211,794130
711212,794810
711212,794820
711212,794830
711219,794840
711219,799901
711310,651292
711310,792291
711310,794141
711320,792220
711320,792231
711320,794142
711320,799922
711320,799930
711410,738919
711410,792232
711410,794143
711510,781950
711510,792991
711510,899930
712110,841210
712120,841220
712130,842210
712190,799902
712190,842220
713110,799610
713110,799620
713120,799330
713210,799905
713290,799320
713290,799906
713910,799200
713910,799710
713920,799903
713930,449300
713940,799100
713940,799720
713940,799904
713940,799960
713940,799970
713950,793300
713990,791110
713990,799310
713990,799730
713990,799910
713990,799996
713990,799999
721110,701131
721110,701140
721110,701160
721110,701180
721110,704110
721120,701150
721191,701170
721191,701190
721199,701132
721211,703300
721214,703200
721310,702100
721310,704120
722110,581212
722211,581280
722212,581230
722213,546112
722213,546130
722213,546140
722213,581260
722213,581270
722213,581291
722213,581292
722213,581293
722310,581250
722320,581220
722330,596320
722410,581300
813211,673200
813212,839940
813219,839920
813311,839930
813312,839910
813312,869910
813319,839950
813410,864110
813410,864120
813410,869920
813410,869930
813910,861100
813910,869940
813920,862100
813990,653150
813990,864130
813990,869990
811111,753800
811112,753300
811113,753700
811118,753920
811118,753940
811118,753970
811118,753980
811118,753990
811121,753230
811121,753240
811121,753250
811122,753600
811191,754910
811192,754200
811198,753410
811198,754990
811211,762210
811212,737800
811212,762910
811212,769904
811213,762220
811213,762920
811219,762930
811219,769905
811310,762310
811310,769410
811310,769903
811411,762950
811411,769920
811412,762320
811412,762940
811412,769906
811420,764100
811430,725100
811430,769908
811490,373210
811490,721910
811490,763100
811490,769200
811490,769999
812111,724110
812112,723110
812113,723120
812191,729970
812199,729998
812210,726110
812210,726130
812220,653142
812220,655310
812220,655320
812220,726120
812310,721510
812310,721520
812320,721100
812320,721200
812320,721600
812320,721940
812331,721300
812331,721930
812332,721800
812921,738410
812922,738420
812930,752100
812990,489903
812990,729995
812990,729999
812990,738995
949999,514210
949999,551114
949999,949999
949999,514210
949999,551114
949999,949999
949999,514210
949999,551114
949999,949999
949999,514210
949999,551114
949999,949999
949999,514210
949999,551114
949999,949999
949999,514210
949999,551114
949999,949999
949999,514210
949999,551114
949999,949999
949999,514210
949999,551114
949999,949999
624110,624110
813410,624110
